l2,l3,latitud,longitud
Bs.As. G.B.A. Zona Norte,Escobar,-34.355244,-58.754129649999996
Bs.As. G.B.A. Zona Norte,General San Martín,-34.563029,-58.5489058
Bs.As. G.B.A. Zona Norte,José C Paz,-34.52001215,-58.756062
Bs.As. G.B.A. Zona Norte,Malvinas Argentinas,-34.4877845997,-58.7046291
Bs.As. G.B.A. Zona Norte,Pilar,-34.4382281,-58.8612255
Bs.As. G.B.A. Zona Norte,San Fernando,-34.4456961,-58.555387
Bs.As. G.B.A. Zona Norte,San Isidro,-34.4827313,-58.521938
Bs.As. G.B.A. Zona Norte,San Miguel,-34.547028,-58.7054361
Bs.As. G.B.A. Zona Norte,Tigre,-34.4095857357,-58.648428
Bs.As. G.B.A. Zona Norte,Vicente López,-34.5200814,-58.4892254
Bs.As. G.B.A. Zona Oeste,General Rodríguez,-34.60548782,-58.9337164
Bs.As. G.B.A. Zona Oeste,Hurlingham,-34.59909,-58.639004
Bs.As. G.B.A. Zona Oeste,Ituzaingó,-34.6469413514,-58.6781512605
Bs.As. G.B.A. Zona Oeste,La Matanza,-34.66394,-58.562248049999994
Bs.As. G.B.A. Zona Oeste,Marcos Paz,-34.7838331,-58.8413184
Bs.As. G.B.A. Zona Oeste,Merlo,-34.67079485915,-58.71538029925
Bs.As. G.B.A. Zona Oeste,Moreno,-34.63434041735,-58.8105717
Bs.As. G.B.A. Zona Oeste,Morón,-34.6504183926,-58.6203546
Bs.As. G.B.A. Zona Oeste,Tres de Febrero,-34.6016052,-58.5609023
Bs.As. G.B.A. Zona Sur,Almirante Brown,-34.8016262,-58.38873945
Bs.As. G.B.A. Zona Sur,Avellaneda,-34.6921091956,-58.3379317
Bs.As. G.B.A. Zona Sur,Berazategui,-34.7945286,-58.1840014458
Bs.As. G.B.A. Zona Sur,Cañuelas,-35.03351255,-58.73700864165
Bs.As. G.B.A. Zona Sur,Esteban Echeverría,-34.86812973,-58.484171
Bs.As. G.B.A. Zona Sur,Ezeiza,-34.8791656,-58.5118302
Bs.As. G.B.A. Zona Sur,Florencio Varela,-34.80838840245,-58.27229409065
Bs.As. G.B.A. Zona Sur,La Plata,-34.918955999999994,-57.963264
Bs.As. G.B.A. Zona Sur,Lanús,-34.7052982375,-58.3956035633
Bs.As. G.B.A. Zona Sur,Lomas de Zamora,-34.7611316,-58.4001126
Bs.As. G.B.A. Zona Sur,Presidente Perón,-34.9340646764,-58.3835310109
Bs.As. G.B.A. Zona Sur,Quilmes,-34.7233994619,-58.2675312147
Bs.As. G.B.A. Zona Sur,San Vicente,-34.9954834,-58.4371935
Capital Federal,Abasto,-34.6038897,-58.4109982
Capital Federal,Agronomía,-34.59480613,-58.4895338381
Capital Federal,Almagro,-34.6046056132,-58.4210364
Capital Federal,Balvanera,-34.6108151,-58.4030499
Capital Federal,Barracas,-34.6365918,-58.3745089
Capital Federal,Barrio Norte,-34.593773,-58.404093
Capital Federal,Belgrano,-34.5628978,-58.453674
Capital Federal,Boca,-34.6337851,-58.3631337
Capital Federal,Boedo,-34.6263075,-58.4186335
Capital Federal,Caballito,-34.61742401,-58.4421132
Capital Federal,Catalinas,-34.599196,-58.372566
Capital Federal,Centro / Microcentro,-34.6036795,-58.3794834
Capital Federal,Chacarita,-34.588234,-58.449353
Capital Federal,Coghlan,-34.5609681,-58.4750586
Capital Federal,Colegiales,-34.5791632,-58.4553959
Capital Federal,Congreso,-34.6099444234,-58.39295603465
Capital Federal,Constitución,-34.624768,-58.3857631
Capital Federal,Distrito Audiovisual,-34.5801171,-58.4424541
Capital Federal,Flores,-34.6290328,-58.463262
Capital Federal,Floresta,-34.63086365,-58.4844109
Capital Federal,Las Cañitas,-34.5687407,-58.433642
Capital Federal,Liniers,-34.6447951,-58.5201662
Capital Federal,Mataderos,-34.6547858,-58.5042610307
Capital Federal,Monserrat,-34.614601,-58.384142
Capital Federal,Monte Castro,-34.6200762,-58.504097
Capital Federal,Nuñez,-34.5485319,-58.4661022
Capital Federal,Once,-34.6065745,-58.4049331
Capital Federal,Palermo,-34.584698,-58.423496
Capital Federal,Parque Avellaneda,-34.6440529,-58.478303
Capital Federal,Parque Centenario,-34.6037095045,-58.4343186
Capital Federal,Parque Chacabuco,-34.636961481,-58.438364
Capital Federal,Parque Chas,-34.585819579849996,-58.4773265
Capital Federal,Parque Patricios,-34.6349937,-58.4039125
Capital Federal,Paternal,-34.60252431,-58.46471982245
Capital Federal,Pompeya,-34.6439564,-58.4161351
Capital Federal,Puerto Madero,-34.612788050000006,-58.36194605
Capital Federal,Recoleta,-34.5923209263,-58.3962077
Capital Federal,Retiro,-34.5963137,-58.3786709
Capital Federal,Saavedra,-34.5522565187,-58.482450847
Capital Federal,San Cristobal,-34.6230398,-58.401389122
Capital Federal,San Nicolás,-34.60362644,-58.3837805
Capital Federal,San Telmo,-34.621004,-58.374281735
Capital Federal,Tribunales,-34.6016986441,-58.3885235587
Capital Federal,Velez Sarsfield,-34.632302139299995,-58.491983
Capital Federal,Versalles,-34.62960434,-58.5212425
Capital Federal,Villa Crespo,-34.5980957858,-58.4417502
Capital Federal,Villa Devoto,-34.6053073643,-58.511471490000005
Capital Federal,Villa General Mitre,-34.60838318,-58.467007
Capital Federal,Villa Lugano,-34.67854974535,-58.47406985
Capital Federal,Villa Luro,-34.63870415,-58.5022589
Capital Federal,Villa Ortuzar,-34.58180755,-58.469035000000005
Capital Federal,Villa Pueyrredón,-34.58471245,-58.50234985
Capital Federal,Villa Real,-34.6203082,-58.524207309999994
Capital Federal,Villa Riachuelo,-34.69038545,-58.4714563712
Capital Federal,Villa Santa Rita,-34.61553739,-58.4818927
Capital Federal,Villa Soldati,-34.661039,-58.43888092
Capital Federal,Villa Urquiza,-34.5739113072,-58.485034935
Capital Federal,Villa del Parque,-34.60622615,-58.4881508
